{
  "vanilla": {
    "speed": {
      "ms_per_img": 15.84411144256592,
      "fps": 63.11493097135476
    },
    "mAP": {
      "AP": 0.3361283103316515,
      "AP50": 0.47447752440627927,
      "AP75": 0.35983742815970654,
      "AP_small": 0.09558947275652736,
      "AP_medium": 0.2780046085276935,
      "AP_large": 0.48163097903871543
    }
  },
  "feature_derain": {
    "speed": {
      "ms_per_img": 21.145131587982178,
      "fps": 47.29220983275173
    },
    "mAP": {
      "AP": 0.35042022410804213,
      "AP50": 0.4906653413172537,
      "AP75": 0.3670056531212383,
      "AP_small": 0.10414395857569736,
      "AP_medium": 0.28431779521082484,
      "AP_large": 0.5276021518386896
    }
  }
}