epoch,training_loss,val_loss,val_map
1,21.116700,6.980544,0.363207
2,20.626800,7.030994,0.362215
3,20.059400,7.137163,0.348888
4,19.047000,6.769471,0.386817
5,18.690400,6.805518,0.391970
6,18.532100,6.797807,0.390216
7,18.262400,6.816910,0.385564
8,18.176600,6.805208,0.388425
9,18.091800,6.810240,0.393231
10,17.788400,6.842106,0.389424
11,18.072000,6.802779,0.391948
12,17.898300,6.794267,0.399743
